{
  "customer_printer": {
    "printer_type": "escpos",
    "printer_name": null,
    "usb_info": {
      "vendor_id": "0525",
      "product_id": "A700",
      "interface": "0"
    },
    "network_info": {}
  },
  "kitchen_printer": {
    "printer_type": "com",
    "com_port": "COM3",
    "baudrate": 9600,
    "enabled": true
  },
  "auto_print": {
    "enabled": true,
    "retry_count": 3,
    "retry_interval": 30,
    "check_printer_status": true
  },
  "printer_type": "escpos",
  "printer_name": "SLK-TS400",
  "usb_info": {
    "vendor_id": "0525",
    "product_id": "A700",
    "interface": "0"
  },
  "network_info": {}
}